{
    "metrics": {
        "checks": {
            "passes": 333287,
            "fails": 0,
            "thresholds": {
                "rate>0.99": false
            },
            "value": 1
        },
        "http_req_blocked": {
            "p(99)": 0.047665979999998324,
            "count": 166643,
            "avg": 0.010522212682200879,
            "min": 0.000951,
            "med": 0.003406,
            "max": 34.827677,
            "p(90)": 0.006442,
            "p(95)": 0.008266
        },
        "vus_max": {
            "value": 80,
            "min": 80,
            "max": 80
        },
        "http_req_waiting": {
            "med": 3.198005,
            "max": 1025.364287,
            "p(90)": 6.754245600000001,
            "p(95)": 8.030939499999999,
            "p(99)": 11.89015892,
            "count": 166643,
            "avg": 4.058225623986734,
            "min": 0.620977
        },
        "http_req_duration{endpoint:tasks_due_now}": {
            "p(99)": 13.002725400000013,
            "count": 23806,
            "avg": 4.473478423842727,
            "min": 0.750745,
            "med": 3.7390915,
            "max": 1020.632628,
            "p(90)": 7.174144999999999,
            "p(95)": 8.516766,
            "thresholds": {
                "p(95)<800": false
            }
        },
        "data_sent": {
            "count": 61253026,
            "rate": 203345.727250248
        },
        "http_req_duration{expected_response:true}": {
            "p(99)": 12.165385719999986,
            "count": 166643,
            "avg": 4.135883006516957,
            "min": 0.651494,
            "med": 3.263661,
            "max": 1025.403962,
            "p(90)": 6.833512800000001,
            "p(95)": 8.112569599999999
        },
        "http_req_sending": {
            "count": 166643,
            "avg": 0.025156426966630487,
            "min": 0.003336,
            "med": 0.009688,
            "max": 31.116369,
            "p(90)": 0.018545,
            "p(95)": 0.024516,
            "p(99)": 0.11338017999999589
        },
        "http_req_tls_handshaking": {
            "med": 0,
            "max": 0,
            "p(90)": 0,
            "p(95)": 0,
            "p(99)": 0,
            "count": 166643,
            "avg": 0,
            "min": 0
        },
        "http_reqs": {
            "count": 166643,
            "rate": 553.2158040022885
        },
        "vus": {
            "value": 50,
            "min": 50,
            "max": 80
        },
        "iteration_duration": {
            "p(99)": 1024.6852773,
            "count": 23806,
            "avg": 1010.6656513313895,
            "min": 1002.268523,
            "med": 1009.1154645,
            "max": 2056.366055,
            "p(90)": 1013.5749665,
            "p(95)": 1015.0484525
        },
        "http_req_receiving": {
            "count": 166643,
            "avg": 0.05250095556368975,
            "min": 0.008877,
            "med": 0.030327,
            "max": 25.716058,
            "p(90)": 0.061897,
            "p(95)": 0.13268999999999995,
            "p(99)": 0.46367103999999887
        },
        "http_req_duration": {
            "min": 0.651494,
            "med": 3.263661,
            "max": 1025.403962,
            "p(90)": 6.833512800000001,
            "p(95)": 8.112569599999999,
            "p(99)": 12.165385719999986,
            "count": 166643,
            "avg": 4.135883006516957
        },
        "http_req_duration{endpoint:insights_dashboard}": {
            "min": 0.936357,
            "med": 4.147056,
            "max": 1020.017489,
            "p(90)": 7.5913699999999995,
            "p(95)": 8.868484250000002,
            "p(99)": 13.508025750000034,
            "count": 23806,
            "avg": 5.02403223880538,
            "thresholds": {
                "p(95)<1000": false
            }
        },
        "http_req_connecting": {
            "count": 166643,
            "avg": 0.0035917206243286535,
            "min": 0,
            "med": 0,
            "max": 34.790838,
            "p(90)": 0,
            "p(95)": 0,
            "p(99)": 0
        },
        "iterations": {
            "count": 23806,
            "rate": 79.03035489086537
        },
        "http_req_duration{endpoint:insights_overview}": {
            "min": 0.863259,
            "med": 3.9853544999999997,
            "max": 1025.403962,
            "p(90)": 7.3927045,
            "p(95)": 8.6688215,
            "p(99)": 12.783899700000005,
            "count": 23806,
            "avg": 4.826939523775497,
            "thresholds": {
                "p(95)<1000": false
            }
        },
        "http_req_failed": {
            "passes": 0,
            "fails": 166643,
            "thresholds": {
                "rate<0.01": false
            },
            "value": 0
        },
        "data_received": {
            "count": 150521323,
            "rate": 499695.605113525
        },
        "http_req_duration{endpoint:task_detail}": {
            "p(95)": 5.6263939999999995,
            "p(99)": 9.190107550000002,
            "count": 23806,
            "avg": 2.6579621154750637,
            "min": 0.664941,
            "med": 1.7628525000000002,
            "max": 1021.08609,
            "p(90)": 4.391046,
            "thresholds": {
                "p(95)<1000": false
            }
        },
        "http_req_duration{endpoint:insights_recent}": {
            "count": 23806,
            "avg": 4.5471884226245285,
            "min": 0.651494,
            "med": 3.6383574999999997,
            "max": 1024.799432,
            "p(90)": 7.058275,
            "p(95)": 8.3058275,
            "p(99)": 12.771903750000012,
            "thresholds": {
                "p(95)<1000": false
            }
        },
        "http_req_duration{endpoint:task_completions_monthly}": {
            "count": 23806,
            "avg": 2.746194170671252,
            "min": 0.708407,
            "med": 1.881427,
            "max": 1024.93987,
            "p(90)": 4.5894325,
            "p(95)": 5.789973499999999,
            "p(99)": 9.053290600000011,
            "thresholds": {
                "p(95)<1000": false
            }
        },
        "http_req_duration{endpoint:tasks_upcoming}": {
            "max": 1022.292034,
            "p(90)": 7.1722225,
            "p(95)": 8.420516500000002,
            "p(99)": 12.996993150000003,
            "count": 23806,
            "avg": 4.666464509325375,
            "min": 0.753984,
            "med": 3.7796424999999996,
            "thresholds": {
                "p(95)<800": false
            }
        }
    },
    "setup_data": {
        "password": "demo1234!",
        "reloginOn401": true,
        "tokenExpiresAtMs": 1778584022402,
        "accessToken": "eyJhbGciOiJIUzM4NCJ9.eyJzdWIiOiI1IiwianRpIjoiZjIyOTQ5YzctZjgyZC00MjUzLTlhMmItNzkyOTRkN2EyYTI4IiwiaWF0IjoxNzc4NTgzMTUyLCJleHAiOjE3Nzg1ODQwNTIsInJvbGUiOiJVU0VSIiwidHlwZSI6IkFDQ0VTUyJ9.25nISAps2blUKvUd_wIGoxugOH28O-RLhgFPeAoyAvld94ggtEzXB8qOgBPoSCcc",
        "baseUrl": "http://127.0.0.1:3000",
        "email": "demo@dawnpoem.kr"
    },
    "root_group": {
        "groups": {
            "setup": {
                "name": "setup",
                "path": "::setup",
                "id": "5c0f8025f7e0b6654089e5b00e950f1a",
                "groups": {},
                "checks": {
                        "auth bootstrap: status 200": {
                            "passes": 1,
                            "fails": 0,
                            "name": "auth bootstrap: status 200",
                            "path": "::setup::auth bootstrap: status 200",
                            "id": "17c83bf8221960b127df9cf6eaf764af"
                        },
                        "auth bootstrap: success true": {
                            "path": "::setup::auth bootstrap: success true",
                            "id": "7b328b27f0ed42d92153a0ab010d375e",