{
    "metrics": {
        "http_reqs": {
            "count": 1,
            "rate": 367.86006603088185
        },
        "http_req_tls_handshaking": {
            "min": 0,
            "med": 0,
            "max": 0,
            "p(90)": 0,
            "p(95)": 0,
            "p(99)": 0,
            "count": 1,
            "avg": 0
        },
        "http_req_receiving": {
            "max": 0.084337,
            "p(90)": 0.084337,
            "p(95)": 0.084337,
            "p(99)": 0.084337,
            "count": 1,
            "avg": 0.084337,
            "min": 0.084337,
            "med": 0.084337
        },
        "http_req_duration{endpoint:insights_overview}": {
            "p(95)": 0,
            "p(99)": 0,
            "count": 0,
            "avg": 0,
            "min": 0,
            "med": 0,
            "max": 0,
            "p(90)": 0,
            "thresholds": {
                "p(95)<1200": false
            }
        },
        "http_req_sending": {
            "count": 1,
            "avg": 0.040325,
            "min": 0.040325,
            "med": 0.040325,
            "max": 0.040325,
            "p(90)": 0.040325,
            "p(95)": 0.040325,
            "p(99)": 0.040325
        },
        "http_req_duration": {
            "min": 2.066721,
            "med": 2.066721,
            "max": 2.066721,
            "p(90)": 2.066721,
            "p(95)": 2.066721,
            "p(99)": 2.066721,
            "count": 1,
            "avg": 2.066721
        },
        "http_req_blocked": {
            "p(99)": 0.174154,
            "count": 1,
            "avg": 0.174154,
            "min": 0.174154,
            "med": 0.174154,
            "max": 0.174154,
            "p(90)": 0.174154,
            "p(95)": 0.174154
        },
        "http_req_duration{endpoint:task_complete}": {
            "count": 0,
            "avg": 0,
            "min": 0,
            "med": 0,
            "max": 0,
            "p(90)": 0,
            "p(95)": 0,
            "p(99)": 0,
            "thresholds": {
                "p(95)<1200": false
            }
        },
        "http_req_duration{flow:write}": {
            "p(90)": 0,
            "p(95)": 0,
            "p(99)": 0,
            "count": 0,
            "avg": 0,
            "min": 0,
            "med": 0,
            "max": 0,
            "thresholds": {
                "p(95)<1500": false
            }
        },
        "http_req_duration{endpoint:task_update}": {
            "max": 0,
            "p(90)": 0,
            "p(95)": 0,
            "p(99)": 0,
            "count": 0,
            "avg": 0,
            "min": 0,
            "med": 0,
            "thresholds": {
                "p(95)<1200": false
            }
        },
        "data_received": {
            "count": 630,
            "rate": 231751.84159945557
        },
        "http_req_failed": {
            "fails": 0,
            "passes": 1,
            "thresholds": {
                "rate<0.01": true
            },
            "value": 1
        },
        "http_req_duration{endpoint:tasks_due_now}": {
            "min": 0,
            "med": 0,
            "max": 0,
            "p(90)": 0,
            "p(95)": 0,
            "p(99)": 0,
            "count": 0,
            "avg": 0,
            "thresholds": {
                "p(95)<1000": false
            }
        },
        "http_req_duration{endpoint:insights_dashboard}": {
            "min": 0,
            "med": 0,
            "max": 0,
            "p(90)": 0,
            "p(95)": 0,
            "p(99)": 0,
            "count": 0,
            "avg": 0,
            "thresholds": {
                "p(95)<1200": false
            }
        },
        "http_req_waiting": {
            "min": 1.942059,
            "med": 1.942059,
            "max": 1.942059,
            "p(90)": 1.942059,
            "p(95)": 1.942059,
            "p(99)": 1.942059,
            "count": 1,
            "avg": 1.942059
        },
        "data_sent": {
            "count": 188,
            "rate": 69157.6924138058
        },
        "http_req_duration{endpoint:task_create}": {
            "min": 0,
            "med": 0,
            "max": 0,
            "p(90)": 0,
            "p(95)": 0,
            "p(99)": 0,
            "count": 0,
            "avg": 0,
            "thresholds": {
                "p(95)<1200": false
            }
        },
        "http_req_duration{endpoint:insights_recent}": {
            "min": 0,
            "med": 0,
            "max": 0,
            "p(90)": 0,
            "p(95)": 0,
            "p(99)": 0,
            "count": 0,
            "avg": 0,
            "thresholds": {
                "p(95)<1200": false
            }
        },
        "checks": {
            "passes": 0,
            "fails": 3,
            "thresholds": {
                "rate>0.99": true
            },
            "value": 0
        },
        "http_req_duration{endpoint:tasks_upcoming}": {
            "avg": 0,
            "min": 0,
            "med": 0,
            "max": 0,
            "p(90)": 0,
            "p(95)": 0,
            "p(99)": 0,
            "count": 0,
            "thresholds": {
                "p(95)<1000": false
            }
        },
        "http_req_connecting": {
            "max": 0.121006,
            "p(90)": 0.121006,
            "p(95)": 0.121006,
            "p(99)": 0.121006,
            "count": 1,
            "avg": 0.121006,
            "min": 0.121006,
            "med": 0.121006
        },
        "http_req_duration{flow:read}": {
            "p(95)": 0,
            "p(99)": 0,
            "count": 0,
            "avg": 0,
            "min": 0,
            "med": 0,
            "max": 0,
            "p(90)": 0,
            "thresholds": {
                "p(95)<1000": false
            }
        }
    },
    "root_group": {
        "groups": {
            "setup": {
                "id": "5c0f8025f7e0b6654089e5b00e950f1a",
                "groups": {},
                "checks": {
                        "auth bootstrap: status 200": {
                            "passes": 0,
                            "fails": 1,
                            "name": "auth bootstrap: status 200",
                            "path": "::setup::auth bootstrap: status 200",
                            "id": "17c83bf8221960b127df9cf6eaf764af"
                        },
                        "auth bootstrap: success true": {
                            "name": "auth bootstrap: success true",
                            "path": "::setup::auth bootstrap: success true",
                            "id": "7b328b27f0ed42d92153a0ab010d375e",
                            "passes": 0,
                            "fails": 1
                        },
                        "auth bootstrap: accessToken exists": {
                            "name": "auth bootstrap: accessToken exists",
                            "path": "::setup::auth bootstrap: accessToken exists",
                            "id": "e5ab7a7f97dc9efa12f0a03fd1189459",
                            "passes": 0,
                            "fails": 1
                        }
                    },
                "name": "setup",
                "path": "::setup"
            }
        },
        "checks": {},
        "name": "",
        "path": "",
        "id": "d41d8cd98f00b204e9800998ecf8427e"
    }
}