{
    "metrics": {
        "http_req_duration{endpoint:tasks_due_now}": {
            "avg": 4.22172504036589,
            "min": 0.789458,
            "med": 3.6605255000000003,
            "max": 41.196298,
            "p(90)": 6.991351,
            "p(95)": 8.233054249999999,
            "p(99)": 11.542363500000013,
            "count": 11916,
            "thresholds": {
                "p(95)<800": false
            }
        },
        "http_req_duration{endpoint:tasks_upcoming}": {
            "avg": 4.230622973732811,
            "min": 0.792424,
            "med": 3.6651745,
            "max": 40.817874,
            "p(90)": 6.992003499999999,
            "p(95)": 8.17479875,
            "p(99)": 11.082370600000008,
            "count": 11916,
            "thresholds": {
                "p(95)<800": false
            }
        },
        "http_req_failed": {
            "passes": 0,
            "fails": 83413,
            "thresholds": {
                "rate<0.01": false
            },
            "value": 0
        },
        "http_req_duration{expected_response:true}": {
            "avg": 3.6799715392684753,
            "min": 0.67251,
            "med": 3.195119,
            "max": 221.899766,
            "p(90)": 6.5778370000000015,
            "p(95)": 7.816721399999998,
            "p(99)": 10.919376480000002,
            "count": 83413
        },
        "http_req_waiting": {
            "med": 3.128628,
            "max": 221.646996,
            "p(90)": 6.4958468,
            "p(95)": 7.713727799999993,
            "p(99)": 10.822749160000003,
            "count": 83413,
            "avg": 3.612301900111457,
            "min": 0.644699
        },
        "vus": {
            "value": 11,
            "min": 11,
            "max": 40
        },
        "iterations": {
            "count": 11916,
            "rate": 39.55882041651465
        },
        "http_req_duration{endpoint:insights_overview}": {
            "med": 3.7925705,
            "max": 40.127381,
            "p(90)": 7.2908805,
            "p(95)": 8.448442750000002,
            "p(99)": 11.712028650000015,
            "count": 11916,
            "avg": 4.404451337193691,
            "min": 0.842298,
            "thresholds": {
                "p(95)<1000": false
            }
        },
        "http_req_duration{endpoint:task_completions_monthly}": {
            "p(95)": 5.2803059999999995,
            "p(99)": 8.394026200000008,
            "count": 11916,
            "avg": 2.192455865223219,
            "min": 0.728595,
            "med": 1.7007750000000001,
            "max": 20.751339,
            "p(90)": 3.94355,
            "thresholds": {
                "p(95)<1000": false
            }
        },
        "checks": {
            "passes": 166827,
            "fails": 0,
            "thresholds": {
                "rate>0.99": false
            },
            "value": 1
        },
        "http_req_blocked": {
            "p(99)": 0.05904680000000052,
            "count": 83413,
            "avg": 0.007887807535995953,
            "min": 0.000862,
            "med": 0.003567,
            "max": 6.427065,
            "p(90)": 0.007474,
            "p(95)": 0.009318
        },
        "vus_max": {
            "value": 40,
            "min": 40,
            "max": 40
        },
        "http_req_duration{endpoint:task_detail}": {
            "p(99)": 7.88588475,
            "count": 11916,
            "avg": 2.0763402037596554,
            "min": 0.67251,
            "med": 1.5983265000000002,
            "max": 23.510587,
            "p(90)": 3.7701525,
            "p(95)": 4.969062,
            "thresholds": {
                "p(95)<1000": false
            }
        },
        "iteration_duration": {
            "max": 1056.274608,
            "p(90)": 1013.1892290000001,
            "p(95)": 1014.76810775,
            "p(99)": 1019.77069325,
            "count": 11916,
            "avg": 1009.106757206696,
            "min": 1002.236746,
            "med": 1008.6619545
        },
        "http_reqs": {
            "count": 83413,
            "rate": 276.91506272261967
        },
        "http_req_connecting": {
            "avg": 0.0011436393847481803,
            "min": 0,
            "med": 0,
            "max": 4.455942,
            "p(90)": 0,
            "p(95)": 0,
            "p(99)": 0,
            "count": 83413
        },
        "http_req_receiving": {
            "max": 5.279619,
            "p(90)": 0.067031,
            "p(95)": 0.13477639999999994,
            "p(99)": 0.4733064800000006,
            "count": 83413,
            "avg": 0.050880512941627876,
            "min": 0.008957,
            "med": 0.029828
        },
        "http_req_duration": {
            "min": 0.67251,
            "med": 3.195119,
            "max": 221.899766,
            "p(90)": 6.5778370000000015,
            "p(95)": 7.816721399999998,
            "p(99)": 10.919376480000002,
            "count": 83413,
            "avg": 3.6799715392684753
        },
        "http_req_sending": {
            "avg": 0.016789126215338016,
            "min": 0.003256,
            "med": 0.010249,
            "max": 6.604084,
            "p(90)": 0.022041,
            "p(95)": 0.028093799999999988,
            "p(99)": 0.10722552000000014,
            "count": 83413
        },
        "data_received": {
            "count": 75343395,
            "rate": 250125.53141788582
        },
        "http_req_duration{endpoint:insights_recent}": {
            "p(90)": 6.7426405,
            "p(95)": 7.973027500000001,
            "p(99)": 11.111629500000008,
            "count": 11916,
            "avg": 4.101279685968445,
            "min": 0.727043,
            "med": 3.4943905,
            "max": 43.413309,
            "thresholds": {
                "p(95)<1000": false
            }
        },
        "http_req_tls_handshaking": {
            "p(99)": 0,
            "count": 83413,
            "avg": 0,
            "min": 0,
            "med": 0,
            "max": 0,
            "p(90)": 0,
            "p(95)": 0
        },
        "data_sent": {
            "count": 30660056,
            "rate": 101785.4690554114
        },
        "http_req_duration{endpoint:insights_dashboard}": {
            "count": 11916,
            "avg": 4.514612493538107,
            "min": 0.973403,
            "med": 3.933966,
            "max": 39.001338,
            "p(90)": 7.3362875,
            "p(95)": 8.547755500000001,
            "p(99)": 11.660694150000005,
            "thresholds": {
                "p(95)<1000": false
            }
        }
    },
    "setup_data": {
        "reloginOn401": true,
        "tokenExpiresAtMs": 1778583283366,
        "accessToken": "eyJhbGciOiJIUzM4NCJ9.eyJzdWIiOiI1IiwianRpIjoiMTEzNjVlZDQtYzNmMi00N2I3LTliZjYtMGRhMWEwMjQyMTUxIiwiaWF0IjoxNzc4NTgyNDEzLCJleHAiOjE3Nzg1ODMzMTMsInJvbGUiOiJVU0VSIiwidHlwZSI6IkFDQ0VTUyJ9.cyZODjrc7aYl8KANPGPo_EYdVs-Wb5hrRVlCALTz2XauwpED4toiRhS_mkUfePtn",
        "baseUrl": "http://127.0.0.1:3000",
        "email": "demo@dawnpoem.kr",
        "password": "demo1234!"
    },
    "root_group": {
        "checks": {
            "tasks_due_now: status 200": {
                "passes": 11916,
                "fails": 0,
                "name": "tasks_due_now: status 200",
                "path": "::tasks_due_now: status 200",
                "id": "9922e2ab10463356520c71d8b1c2644b"
            },
            "tasks_due_now: success true": {
                "passes": 11916,
                "fails": 0,
                "name": "tasks_due_now: success true",
                "path": "::tasks_due_now: success true",
                "id": "05773643ab7d03a7999a32a787bbb48c"
            },
            "tasks_upcoming: status 200": {
                "path": "::tasks_upcoming: status 200",
                "id": "17761e3b23133ca7f43d8d69fd5b0cec",
                "passes": 11916,
                "fails": 0,